Datetime,Water Level (m)
2025-05-12 18:00:00,0.7431482
2025-05-12 19:00:00,0.831554
2025-05-12 20:00:00,0.6514986
2025-05-12 21:00:00,0.39733452
2025-05-12 22:00:00,0.10989399
2025-05-12 23:00:00,-0.16885933
2025-05-13 00:00:00,-0.42968547
2025-05-13 01:00:00,-0.64478964
2025-05-13 02:00:00,-0.6806916
2025-05-13 03:00:00,-0.40436357
2025-05-13 04:00:00,-0.06439576
2025-05-13 05:00:00,0.35596478
2025-05-13 06:00:00,0.75600755
2025-05-13 07:00:00,1.0019983
2025-05-13 08:00:00,1.0014235
2025-05-13 09:00:00,0.77266103
2025-05-13 10:00:00,0.49709445
2025-05-13 11:00:00,0.2044197
2025-05-13 12:00:00,-0.076516405
2025-05-13 13:00:00,-0.32984874
2025-05-13 14:00:00,-0.48408127
2025-05-13 15:00:00,-0.32244974
2025-05-13 16:00:00,-0.05370189
2025-05-13 17:00:00,0.28144723
2025-05-13 18:00:00,0.6079446
2025-05-13 19:00:00,0.79534525
2025-05-13 20:00:00,0.72097623
2025-05-13 21:00:00,0.488768
2025-05-13 22:00:00,0.21572326
2025-05-13 23:00:00,-0.067334615
2025-05-14 00:00:00,-0.33172384
2025-05-14 01:00:00,-0.5633019
2025-05-14 02:00:00,-0.70632815
2025-05-14 03:00:00,-0.5259541
2025-05-14 04:00:00,-0.24394828
2025-05-14 05:00:00,0.13006823
2025-05-14 06:00:00,0.5622589
2025-05-14 07:00:00,0.9066575
2025-05-14 08:00:00,1.0707318
2025-05-14 09:00:00,0.9370233
2025-05-14 10:00:00,0.66775817
2025-05-14 11:00:00,0.3824728
2025-05-14 12:00:00,0.07465814
2025-05-14 13:00:00,-0.19256882
2025-05-14 14:00:00,-0.41532958
2025-05-14 15:00:00,-0.45470414
2025-05-14 16:00:00,-0.19348437
2025-05-14 17:00:00,0.10947931
2025-05-14 18:00:00,0.4620312
2025-05-14 19:00:00,0.745349
2025-05-14 20:00:00,0.8433763
2025-05-14 21:00:00,0.65386736
2025-05-14 22:00:00,0.40670514
2025-05-14 23:00:00,0.11672046
2025-05-15 00:00:00,-0.16355552
2025-05-15 01:00:00,-0.41925097
2025-05-15 02:00:00,-0.6246452
2025-05-15 03:00:00,-0.6428553
2025-05-15 04:00:00,-0.36873695
2025-05-15 05:00:00,-0.03198749
2025-05-15 06:00:00,0.38054663
2025-05-15 07:00:00,0.7790908
2025-05-15 08:00:00,1.0456071
2025-05-15 09:00:00,1.0489734
2025-05-15 10:00:00,0.82318544
2025-05-15 11:00:00,0.5411343
2025-05-15 12:00:00,0.25270185
2025-05-15 13:00:00,-0.02623116
2025-05-15 14:00:00,-0.27557582
2025-05-15 15:00:00,-0.4391346
2025-05-15 16:00:00,-0.31903842
2025-05-15 17:00:00,-0.07075024
2025-05-15 18:00:00,0.24014059
2025-05-15 19:00:00,0.5558941
2025-05-15 20:00:00,0.74380565
2025-05-15 21:00:00,0.6963572
2025-05-15 22:00:00,0.47506666
2025-05-15 23:00:00,0.21287714
2025-05-16 00:00:00,-0.061887454
2025-05-16 01:00:00,-0.3162958
2025-05-16 02:00:00,-0.53618467
2025-05-16 03:00:00,-0.66365486
2025-05-16 04:00:00,-0.48411554
2025-05-16 05:00:00,-0.2120525
2025-05-16 06:00:00,0.15447974
2025-05-16 07:00:00,0.5566677
2025-05-16 08:00:00,0.89693844
2025-05-16 09:00:00,1.0825638
2025-05-16 10:00:00,0.9636281
2025-05-16 11:00:00,0.72533166
2025-05-16 12:00:00,0.44454452
2025-05-16 13:00:00,0.1560303
2025-05-16 14:00:00,-0.110464275
2025-05-16 15:00:00,-0.32749036
2025-05-16 16:00:00,-0.4020222
2025-05-16 17:00:00,-0.17764007
2025-05-16 18:00:00,0.088024795
2025-05-16 19:00:00,0.4043516
2025-05-16 20:00:00,0.66454166
2025-05-16 21:00:00,0.77016544
2025-05-16 22:00:00,0.61983985
2025-05-16 23:00:00,0.39306784
2025-05-17 00:00:00,0.1280422
2025-05-17 01:00:00,-0.1255061
2025-05-17 02:00:00,-0.35366994
2025-05-17 03:00:00,-0.52675235
2025-05-17 04:00:00,-0.5359191
2025-05-17 05:00:00,-0.28774884
2025-05-17 06:00:00,0.021343553
2025-05-17 07:00:00,0.4027676
2025-05-17 08:00:00,0.7717019
2025-05-17 09:00:00,1.0435625
2025-05-17 10:00:00,1.0938469
2025-05-17 11:00:00,0.90321696
2025-05-17 12:00:00,0.6463191
2025-05-17 13:00:00,0.3648894
2025-05-17 14:00:00,0.092769235
2025-05-17 15:00:00,-0.14752677
2025-05-17 16:00:00,-0.3149024
2025-05-17 17:00:00,-0.28735417
2025-05-17 18:00:00,-0.07482337
2025-05-17 19:00:00,0.17818406
2025-05-17 20:00:00,0.4509929
2025-05-17 21:00:00,0.6483045
2025-05-17 22:00:00,0.6638864
2025-05-17 23:00:00,0.49928096
2025-05-18 00:00:00,0.2778897
2025-05-18 01:00:00,0.039767347
2025-05-18 02:00:00,-0.18372828
2025-05-18 03:00:00,-0.37373388
2025-05-18 04:00:00,-0.49161336
2025-05-18 05:00:00,-0.3906799
2025-05-18 06:00:00,-0.15397118
2025-05-18 07:00:00,0.14707139
2025-05-18 08:00:00,0.5056718
2025-05-18 09:00:00,0.82606775
2025-05-18 10:00:00,1.0401973
2025-05-18 11:00:00,1.0294601
2025-05-18 12:00:00,0.8185326
2025-05-18 13:00:00,0.5560331
2025-05-18 14:00:00,0.28507683
2025-05-18 15:00:00,0.026197167
2025-05-18 16:00:00,-0.19428699
2025-05-18 17:00:00,-0.33233878
2025-05-18 18:00:00,-0.26977947
